Name,Goal,BMI,Diet_Type,Health_Condition,Breakfast,Lunch,Dinner,Snack
Advika,Weight Loss,21.9,Vegetarian,None,Oats,Chapati,Paneer Bhurji,Diabetic Snack
Advika,Weight Loss,21.0,Vegetarian,Heart Disease,Oats,Diabetic Salad,Diabetic Soup,Milk
Advika,Weight Loss,20.7,Vegetarian,Heart Disease,Oats,Diabetic Salad,Diabetic Soup,Milk
Advika,Weight Loss,21.4,Vegetarian,Diabetes,Oats,Paneer Curry,Khichdi,Milk
Advika,Weight Loss,22.8,Non-Vegetarian,Heart Disease,Idli,Diabetic Salad,Diabetic Soup,Milk
Advika,Weight Loss,21.0,Vegetarian,None,Oats,Diabetic Salad,Paneer Bhurji,Diabetic Snack
Advika,Weight Loss,22.6,Non-Vegetarian,None,Idli,Diabetic Salad,Khichdi,Yogurt
Advika,Weight Loss,20.8,Vegan,Diabetes,Idli,Paneer Curry,Diabetic Soup,Milk
Advika,Weight Loss,22.7,Vegan,None,Diabetic Oats,Diabetic Salad,Khichdi,Diabetic Snack
Advika,Weight Loss,22.9,Vegan,None,Idli,Chapati,Khichdi,Diabetic Snack
Advika,Weight Loss,22.3,Vegan,None,Diabetic Oats,Diabetic Salad,Diabetic Soup,Milk
Advika,Weight Loss,22.7,Vegetarian,Diabetes,Dosa,Paneer Curry,Khichdi,Milk
Advika,Weight Loss,22.7,Vegan,Diabetes,Dosa,Paneer Curry,Khichdi,Diabetic Snack
Advika,Weight Loss,21.7,Non-Vegetarian,Heart Disease,Dosa,Chapati,Khichdi,Milk
Advika,Weight Loss,21.0,Vegetarian,Diabetes,Oats,Chapati,Paneer Bhurji,Diabetic Snack
Advika,Weight Loss,21.3,Non-Vegetarian,Diabetes,Oats,Chapati,Paneer Bhurji,Diabetic Snack
Advika,Weight Loss,20.5,Non-Vegetarian,None,Oats,Paneer Curry,Diabetic Soup,Milk
Advika,Weight Loss,20.6,Vegan,Diabetes,Dosa,Diabetic Salad,Khichdi,Yogurt
Advika,Weight Loss,21.4,Vegetarian,None,Dosa,Paneer Curry,Diabetic Soup,Diabetic Snack
Advika,Weight Loss,20.5,Non-Vegetarian,Heart Disease,Dosa,Diabetic Salad,Paneer Bhurji,Yogurt
Advika,Weight Loss,20.9,Vegan,Diabetes,Idli,Diabetic Salad,Diabetic Soup,Diabetic Snack
Advika,Weight Loss,21.2,Vegan,Diabetes,Dosa,Chapati,Paneer Bhurji,Yogurt
Advika,Weight Loss,22.6,Non-Vegetarian,None,Idli,Paneer Curry,Khichdi,Milk
Advika,Weight Loss,21.3,Vegan,Heart Disease,Dosa,Diabetic Salad,Paneer Bhurji,Diabetic Snack
Advika,Weight Loss,22.2,Vegetarian,Heart Disease,Oats,Paneer Curry,Khichdi,Yogurt
Advika,Weight Loss,20.8,Non-Vegetarian,Diabetes,Oats,Chapati,Paneer Bhurji,Diabetic Snack
Advika,Weight Loss,22.3,Vegan,Diabetes,Dosa,Diabetic Salad,Diabetic Soup,Yogurt
Advika,Weight Loss,21.6,Vegan,Diabetes,Diabetic Oats,Diabetic Salad,Paneer Bhurji,Milk
Advika,Weight Loss,20.7,Vegetarian,None,Dosa,Diabetic Salad,Diabetic Soup,Milk
Advika,Weight Loss,22.8,Non-Vegetarian,Heart Disease,Idli,Diabetic Salad,Paneer Bhurji,Diabetic Snack
Advika,Weight Loss,22.8,Non-Vegetarian,Heart Disease,Idli,Paneer Curry,Khichdi,Diabetic Snack
Advika,Weight Loss,22.1,Vegan,Heart Disease,Diabetic Oats,Chapati,Diabetic Soup,Yogurt
Advika,Weight Loss,22.1,Vegan,Diabetes,Oats,Paneer Curry,Diabetic Soup,Milk
Advika,Weight Loss,20.1,Vegan,None,Dosa,Chapati,Paneer Bhurji,Diabetic Snack
Advika,Weight Loss,20.9,Vegan,Heart Disease,Oats,Chapati,Paneer Bhurji,Milk
Advika,Weight Loss,21.2,Vegetarian,None,Diabetic Oats,Chapati,Diabetic Soup,Milk
Advika,Weight Loss,20.5,Vegan,Diabetes,Oats,Paneer Curry,Khichdi,Diabetic Snack
Advika,Weight Loss,22.7,Vegan,Heart Disease,Dosa,Chapati,Khichdi,Milk
Advika,Weight Loss,20.7,Non-Vegetarian,None,Idli,Diabetic Salad,Khichdi,Milk
Advika,Weight Loss,22.0,Non-Vegetarian,Diabetes,Oats,Chapati,Khichdi,Diabetic Snack
Advika,Weight Loss,22.2,Vegan,None,Diabetic Oats,Diabetic Salad,Diabetic Soup,Diabetic Snack
Advika,Weight Loss,21.0,Vegetarian,Heart Disease,Oats,Diabetic Salad,Diabetic Soup,Yogurt
Advika,Weight Loss,20.5,Vegan,None,Idli,Chapati,Khichdi,Yogurt
Advika,Weight Loss,20.9,Vegetarian,None,Idli,Paneer Curry,Paneer Bhurji,Yogurt
Advika,Weight Loss,21.8,Vegetarian,Diabetes,Idli,Diabetic Salad,Khichdi,Yogurt
Advika,Weight Loss,22.9,Non-Vegetarian,None,Dosa,Chapati,Khichdi,Milk
Advika,Weight Loss,22.5,Non-Vegetarian,Heart Disease,Dosa,Chapati,Paneer Bhurji,Diabetic Snack
Advika,Weight Loss,20.3,Vegan,Diabetes,Oats,Diabetic Salad,Khichdi,Milk
Advika,Weight Loss,22.9,Vegetarian,Heart Disease,Dosa,Paneer Curry,Paneer Bhurji,Yogurt
Advika,Weight Loss,21.5,Non-Vegetarian,None,Diabetic Oats,Paneer Curry,Diabetic Soup,Milk
Advika,Weight Loss,22.4,Vegetarian,None,Oats,Paneer Curry,Khichdi,Milk
Advika,Weight Loss,21.6,Vegetarian,Heart Disease,Oats,Diabetic Salad,Khichdi,Yogurt
Advika,Weight Loss,21.1,Non-Vegetarian,Diabetes,Idli,Paneer Curry,Diabetic Soup,Milk
Advika,Weight Loss,20.3,Non-Vegetarian,Heart Disease,Dosa,Paneer Curry,Diabetic Soup,Diabetic Snack
Advika,Weight Loss,21.9,Vegan,Diabetes,Oats,Paneer Curry,Paneer Bhurji,Diabetic Snack
Advika,Weight Loss,20.6,Non-Vegetarian,Heart Disease,Diabetic Oats,Chapati,Paneer Bhurji,Yogurt
Advika,Weight Loss,20.0,Vegan,None,Oats,Paneer Curry,Khichdi,Diabetic Snack
Advika,Weight Loss,22.7,Vegan,Diabetes,Dosa,Diabetic Salad,Diabetic Soup,Diabetic Snack
Advika,Weight Loss,20.6,Vegan,None,Diabetic Oats,Paneer Curry,Diabetic Soup,Milk
Advika,Weight Loss,21.2,Vegetarian,None,Dosa,Chapati,Paneer Bhurji,Yogurt
Advika,Weight Loss,21.5,Non-Vegetarian,Heart Disease,Idli,Chapati,Khichdi,Diabetic Snack
Advika,Weight Loss,20.1,Vegetarian,Diabetes,Oats,Paneer Curry,Paneer Bhurji,Milk
Advika,Weight Loss,22.7,Vegetarian,Diabetes,Idli,Paneer Curry,Paneer Bhurji,Milk
Advika,Weight Loss,20.2,Non-Vegetarian,Heart Disease,Idli,Paneer Curry,Paneer Bhurji,Milk
Advika,Weight Loss,20.9,Vegetarian,None,Dosa,Diabetic Salad,Diabetic Soup,Yogurt
Advika,Weight Loss,22.9,Vegetarian,Diabetes,Idli,Diabetic Salad,Diabetic Soup,Milk
Advika,Weight Loss,22.4,Vegan,Heart Disease,Diabetic Oats,Chapati,Paneer Bhurji,Yogurt
Advika,Weight Loss,21.9,Non-Vegetarian,Diabetes,Idli,Diabetic Salad,Paneer Bhurji,Yogurt
Advika,Weight Loss,22.0,Non-Vegetarian,None,Oats,Chapati,Khichdi,Milk
Advika,Weight Loss,21.6,Non-Vegetarian,Diabetes,Dosa,Chapati,Khichdi,Yogurt
Advika,Weight Loss,20.1,Vegan,Diabetes,Dosa,Paneer Curry,Khichdi,Milk
Advika,Weight Loss,20.3,Vegan,None,Idli,Paneer Curry,Diabetic Soup,Milk
Advika,Weight Loss,20.3,Vegetarian,Heart Disease,Diabetic Oats,Chapati,Khichdi,Diabetic Snack
Advika,Weight Loss,20.9,Non-Vegetarian,Diabetes,Oats,Diabetic Salad,Diabetic Soup,Milk
Advika,Weight Loss,21.5,Vegetarian,Heart Disease,Oats,Diabetic Salad,Diabetic Soup,Milk
Advika,Weight Loss,22.4,Vegan,None,Idli,Chapati,Paneer Bhurji,Yogurt
Advika,Weight Loss,21.8,Non-Vegetarian,Diabetes,Diabetic Oats,Paneer Curry,Diabetic Soup,Diabetic Snack
Advika,Weight Loss,22.7,Vegan,Heart Disease,Oats,Chapati,Paneer Bhurji,Diabetic Snack
Advika,Weight Loss,22.5,Vegan,Heart Disease,Oats,Paneer Curry,Diabetic Soup,Yogurt
Advika,Weight Loss,22.3,Vegan,Diabetes,Diabetic Oats,Chapati,Khichdi,Milk
Riya,Weight Gain,18.3,Vegan,None,Weight Gain Shake,Vegetable Pulao,Paneer Curry,Paneer Roll
Riya,Weight Gain,18.5,Vegetarian,None,Weight Gain Shake,Vegetable Pulao,Paneer Tikka,Protein Shake
Riya,Weight Gain,18.8,Non-Vegetarian,None,Peanut Butter Toast,Vegetable Pulao,Paneer Tikka,Paneer Roll
Riya,Weight Gain,19.6,Non-Vegetarian,None,Muesli,Weight Gain Rice,Paneer Curry,Protein Shake
Riya,Weight Gain,19.6,Vegan,None,Muesli,Weight Gain Rice,Paneer Tikka,Protein Shake
Riya,Weight Gain,18.3,Vegetarian,None,Peanut Butter Toast,Weight Gain Rice,Paneer Tikka,Paneer Roll
Riya,Weight Gain,19.5,Vegan,None,Muesli,Weight Gain Rice,Paneer Tikka,Protein Shake
Riya,Weight Gain,19.0,Vegetarian,None,Weight Gain Shake,Weight Gain Rice,Paneer Tikka,Paneer Roll
Riya,Weight Gain,18.5,Vegetarian,None,Muesli,Vegetable Pulao,Paneer Tikka,Paneer Roll
Riya,Weight Gain,19.5,Vegetarian,None,Peanut Butter Toast,Vegetable Pulao,Paneer Curry,Protein Shake
Riya,Weight Gain,19.5,Vegetarian,None,Muesli,Vegetable Pulao,Paneer Curry,Paneer Roll
Riya,Weight Gain,18.9,Vegan,None,Muesli,Weight Gain Rice,Paneer Tikka,Protein Shake
Riya,Weight Gain,18.1,Non-Vegetarian,None,Peanut Butter Toast,Weight Gain Rice,Paneer Curry,Paneer Roll
Riya,Weight Gain,19.2,Vegan,None,Muesli,Vegetable Pulao,Paneer Tikka,Protein Shake
Riya,Weight Gain,18.6,Non-Vegetarian,None,Weight Gain Shake,Weight Gain Rice,Paneer Tikka,Paneer Roll
Riya,Weight Gain,19.9,Non-Vegetarian,None,Weight Gain Shake,Weight Gain Rice,Paneer Tikka,Paneer Roll
Riya,Weight Gain,19.0,Vegetarian,None,Muesli,Weight Gain Rice,Paneer Tikka,Protein Shake
Riya,Weight Gain,18.5,Vegetarian,None,Weight Gain Shake,Weight Gain Rice,Paneer Curry,Protein Shake
Riya,Weight Gain,18.2,Vegan,None,Muesli,Weight Gain Rice,Paneer Tikka,Paneer Roll
Riya,Weight Gain,20.0,Vegetarian,None,Muesli,Weight Gain Rice,Paneer Tikka,Paneer Roll
Riya,Weight Gain,18.0,Vegetarian,None,Weight Gain Shake,Weight Gain Rice,Paneer Curry,Paneer Roll
Riya,Weight Gain,18.6,Non-Vegetarian,None,Muesli,Weight Gain Rice,Paneer Tikka,Paneer Roll
Riya,Weight Gain,19.2,Non-Vegetarian,None,Peanut Butter Toast,Vegetable Pulao,Paneer Curry,Protein Shake
Riya,Weight Gain,18.2,Vegetarian,None,Muesli,Vegetable Pulao,Paneer Tikka,Paneer Roll
Riya,Weight Gain,19.9,Vegan,None,Peanut Butter Toast,Weight Gain Rice,Paneer Tikka,Protein Shake
Riya,Weight Gain,19.8,Non-Vegetarian,None,Muesli,Weight Gain Rice,Paneer Curry,Protein Shake
Riya,Weight Gain,19.4,Vegan,None,Muesli,Weight Gain Rice,Paneer Tikka,Protein Shake
Riya,Weight Gain,19.3,Vegetarian,None,Peanut Butter Toast,Vegetable Pulao,Paneer Curry,Protein Shake
Riya,Weight Gain,19.4,Non-Vegetarian,None,Peanut Butter Toast,Weight Gain Rice,Paneer Tikka,Paneer Roll
Riya,Weight Gain,19.6,Vegetarian,None,Peanut Butter Toast,Weight Gain Rice,Paneer Tikka,Protein Shake
Riya,Weight Gain,18.0,Vegan,None,Weight Gain Shake,Vegetable Pulao,Paneer Tikka,Paneer Roll
Riya,Weight Gain,18.7,Vegetarian,None,Muesli,Weight Gain Rice,Paneer Curry,Protein Shake
Riya,Weight Gain,19.6,Vegan,None,Peanut Butter Toast,Weight Gain Rice,Paneer Tikka,Paneer Roll
Riya,Weight Gain,18.7,Non-Vegetarian,None,Weight Gain Shake,Weight Gain Rice,Paneer Tikka,Paneer Roll
Riya,Weight Gain,20.0,Non-Vegetarian,None,Muesli,Vegetable Pulao,Paneer Tikka,Paneer Roll
Riya,Weight Gain,18.3,Vegan,None,Weight Gain Shake,Vegetable Pulao,Paneer Curry,Paneer Roll
Riya,Weight Gain,18.2,Vegetarian,None,Peanut Butter Toast,Weight Gain Rice,Paneer Tikka,Paneer Roll
Riya,Weight Gain,18.2,Vegan,None,Weight Gain Shake,Vegetable Pulao,Paneer Curry,Paneer Roll
Riya,Weight Gain,18.6,Non-Vegetarian,None,Peanut Butter Toast,Vegetable Pulao,Paneer Tikka,Paneer Roll
Riya,Weight Gain,19.4,Non-Vegetarian,None,Weight Gain Shake,Weight Gain Rice,Paneer Tikka,Protein Shake
Riya,Weight Gain,20.0,Vegan,None,Peanut Butter Toast,Vegetable Pulao,Paneer Tikka,Paneer Roll
Riya,Weight Gain,19.3,Vegetarian,None,Peanut Butter Toast,Vegetable Pulao,Paneer Tikka,Paneer Roll
Riya,Weight Gain,19.9,Vegetarian,None,Weight Gain Shake,Vegetable Pulao,Paneer Curry,Protein Shake
Riya,Weight Gain,19.1,Non-Vegetarian,None,Peanut Butter Toast,Vegetable Pulao,Paneer Tikka,Paneer Roll
Riya,Weight Gain,18.5,Vegetarian,None,Peanut Butter Toast,Vegetable Pulao,Paneer Curry,Paneer Roll
Riya,Weight Gain,18.9,Non-Vegetarian,None,Muesli,Vegetable Pulao,Paneer Curry,Paneer Roll
Riya,Weight Gain,19.9,Vegan,None,Muesli,Weight Gain Rice,Paneer Curry,Paneer Roll
Riya,Weight Gain,19.9,Vegetarian,None,Peanut Butter Toast,Vegetable Pulao,Paneer Tikka,Paneer Roll
Riya,Weight Gain,18.2,Vegan,None,Peanut Butter Toast,Weight Gain Rice,Paneer Curry,Protein Shake
Riya,Weight Gain,19.6,Vegan,None,Weight Gain Shake,Vegetable Pulao,Paneer Curry,Paneer Roll
Riya,Weight Gain,18.3,Vegan,None,Muesli,Weight Gain Rice,Paneer Curry,Protein Shake
Riya,Weight Gain,18.4,Vegetarian,None,Peanut Butter Toast,Weight Gain Rice,Paneer Tikka,Protein Shake
Riya,Weight Gain,19.3,Non-Vegetarian,None,Muesli,Weight Gain Rice,Paneer Tikka,Paneer Roll
Riya,Weight Gain,18.8,Non-Vegetarian,None,Weight Gain Shake,Weight Gain Rice,Paneer Curry,Protein Shake
Riya,Weight Gain,18.6,Vegan,None,Muesli,Vegetable Pulao,Paneer Curry,Paneer Roll
Riya,Weight Gain,18.1,Vegetarian,None,Peanut Butter Toast,Weight Gain Rice,Paneer Tikka,Protein Shake
Riya,Weight Gain,18.6,Vegan,None,Weight Gain Shake,Vegetable Pulao,Paneer Tikka,Paneer Roll
Riya,Weight Gain,19.4,Vegan,None,Weight Gain Shake,Weight Gain Rice,Paneer Tikka,Protein Shake
Riya,Weight Gain,19.1,Vegan,None,Weight Gain Shake,Weight Gain Rice,Paneer Curry,Protein Shake
Riya,Weight Gain,19.0,Vegan,None,Peanut Butter Toast,Vegetable Pulao,Paneer Tikka,Paneer Roll
John,Maintenance,24.5,Vegetarian,None,Upma,Quinoa,Tomato Soup,Banana
John,Maintenance,24.4,Vegan,None,Idli,Brown Rice,Tomato Soup,Banana
John,Maintenance,24.6,Non-Vegetarian,None,Dosa,Quinoa,Vegetable Soup,Banana
John,Maintenance,23.2,Non-Vegetarian,None,Dosa,Quinoa,Tomato Soup,Banana
John,Maintenance,24.2,Non-Vegetarian,None,Dosa,Quinoa,Tomato Soup,Apple
John,Maintenance,24.6,Vegan,None,Dosa,Quinoa,Vegetable Soup,Banana
John,Maintenance,24.0,Vegetarian,None,Upma,Quinoa,Tomato Soup,Banana
John,Maintenance,24.5,Non-Vegetarian,None,Idli,Brown Rice,Tomato Soup,Apple
John,Maintenance,23.5,Vegetarian,None,Upma,Quinoa,Vegetable Soup,Apple
John,Maintenance,23.9,Non-Vegetarian,None,Idli,Quinoa,Vegetable Soup,Apple
John,Maintenance,24.3,Vegan,None,Dosa,Brown Rice,Vegetable Soup,Apple
John,Maintenance,23.6,Vegetarian,None,Idli,Brown Rice,Tomato Soup,Banana
John,Maintenance,24.9,Vegetarian,None,Upma,Brown Rice,Tomato Soup,Banana
John,Maintenance,24.6,Vegetarian,None,Idli,Brown Rice,Vegetable Soup,Apple
John,Maintenance,24.8,Vegetarian,None,Upma,Quinoa,Vegetable Soup,Banana
John,Maintenance,23.5,Vegetarian,None,Dosa,Brown Rice,Vegetable Soup,Apple
John,Maintenance,23.6,Vegan,None,Idli,Quinoa,Vegetable Soup,Apple
John,Maintenance,24.3,Vegetarian,None,Upma,Brown Rice,Vegetable Soup,Banana
John,Maintenance,24.6,Vegetarian,None,Dosa,Quinoa,Vegetable Soup,Banana
John,Maintenance,23.7,Non-Vegetarian,None,Upma,Quinoa,Vegetable Soup,Apple
John,Maintenance,23.7,Vegetarian,None,Upma,Quinoa,Vegetable Soup,Apple
John,Maintenance,23.1,Vegan,None,Idli,Brown Rice,Tomato Soup,Banana
John,Maintenance,24.2,Vegetarian,None,Dosa,Brown Rice,Vegetable Soup,Banana
John,Maintenance,24.9,Non-Vegetarian,None,Dosa,Brown Rice,Vegetable Soup,Apple
John,Maintenance,24.6,Vegetarian,None,Dosa,Brown Rice,Tomato Soup,Banana
John,Maintenance,23.5,Vegetarian,None,Idli,Brown Rice,Vegetable Soup,Banana
John,Maintenance,23.7,Vegetarian,None,Dosa,Quinoa,Tomato Soup,Apple
John,Maintenance,24.3,Vegan,None,Dosa,Brown Rice,Vegetable Soup,Banana
John,Maintenance,24.0,Non-Vegetarian,None,Dosa,Brown Rice,Tomato Soup,Apple
John,Maintenance,23.3,Vegan,None,Idli,Quinoa,Vegetable Soup,Banana
John,Maintenance,24.5,Vegetarian,None,Idli,Brown Rice,Tomato Soup,Apple
John,Maintenance,23.7,Vegetarian,None,Dosa,Brown Rice,Tomato Soup,Apple
John,Maintenance,24.9,Non-Vegetarian,None,Idli,Quinoa,Tomato Soup,Apple
John,Maintenance,23.4,Vegan,None,Idli,Quinoa,Tomato Soup,Banana
John,Maintenance,24.1,Non-Vegetarian,None,Idli,Quinoa,Tomato Soup,Apple
John,Maintenance,24.9,Vegetarian,None,Upma,Brown Rice,Tomato Soup,Banana
John,Maintenance,24.4,Non-Vegetarian,None,Dosa,Quinoa,Tomato Soup,Apple
John,Maintenance,23.5,Vegetarian,None,Idli,Quinoa,Vegetable Soup,Banana
John,Maintenance,24.1,Vegan,None,Idli,Brown Rice,Tomato Soup,Apple
John,Maintenance,24.8,Vegetarian,None,Idli,Quinoa,Vegetable Soup,Banana
John,Maintenance,25.0,Vegan,None,Dosa,Brown Rice,Vegetable Soup,Apple
John,Maintenance,23.8,Vegan,None,Dosa,Brown Rice,Vegetable Soup,Banana
John,Maintenance,23.5,Vegan,None,Upma,Quinoa,Vegetable Soup,Banana
John,Maintenance,24.5,Vegan,None,Idli,Quinoa,Vegetable Soup,Banana
John,Maintenance,23.6,Non-Vegetarian,None,Upma,Quinoa,Vegetable Soup,Banana
John,Maintenance,24.5,Non-Vegetarian,None,Upma,Brown Rice,Vegetable Soup,Apple
John,Maintenance,24.3,Non-Vegetarian,None,Dosa,Quinoa,Tomato Soup,Banana
John,Maintenance,23.1,Vegan,None,Dosa,Quinoa,Tomato Soup,Banana
John,Maintenance,23.9,Vegan,None,Idli,Brown Rice,Vegetable Soup,Banana
John,Maintenance,23.8,Non-Vegetarian,None,Idli,Quinoa,Vegetable Soup,Banana
John,Maintenance,24.8,Vegan,None,Dosa,Brown Rice,Tomato Soup,Banana
John,Maintenance,23.1,Non-Vegetarian,None,Idli,Brown Rice,Tomato Soup,Banana
John,Maintenance,23.0,Non-Vegetarian,None,Dosa,Quinoa,Vegetable Soup,Banana
John,Maintenance,24.8,Non-Vegetarian,None,Idli,Quinoa,Vegetable Soup,Banana
John,Maintenance,23.1,Vegetarian,None,Dosa,Brown Rice,Vegetable Soup,Apple
John,Maintenance,24.8,Non-Vegetarian,None,Dosa,Quinoa,Tomato Soup,Apple
John,Maintenance,24.3,Vegan,None,Upma,Quinoa,Tomato Soup,Banana
John,Maintenance,24.3,Vegan,None,Dosa,Brown Rice,Vegetable Soup,Banana
John,Maintenance,23.7,Vegetarian,None,Idli,Quinoa,Tomato Soup,Apple
John,Maintenance,24.6,Vegan,None,Idli,Brown Rice,Tomato Soup,Banana
